,MAR carb GC10,,,MAR sil GC10
6,6.963289,,6,1.5006273
8,6.9333987,,8,2.0173993
12,2.93576,,10,1.5155995
20,2.9906542,,12,0.54169846
,,,20,0.49683648